{"data":[{"ObjectIdentifier": "S-1-5-21-170228521-1485475711-3199862024-1116", "AllowedToAct": [], "PrimaryGroupSID": "S-1-5-21-170228521-1485475711-3199862024-515", "LocalAdmins": {"Collected": true, "FailureReason": null, "Results": []}, "PSRemoteUsers": {"Collected": true, "FailureReason": null, "Results": []}, "Properties": {"name": "WRK2.CORP.THERESERVE.LOC", "domainsid": "S-1-5-21-170228521-1485475711-3199862024", "domain": "CORP.THERESERVE.LOC", "distinguishedname": "CN=WRK2,OU=WORKSTATIONS,DC=CORP,DC=THERESERVE,DC=LOC", "unconstraineddelegation": false, "enabled": true, "trustedtoauth": false, "samaccountname": "WRK2$", "haslaps": false, "lastlogon": 1685101499, "lastlogontimestamp": 1685078984, "pwdlastset": 1685079592, "whencreated": 1673327891, "serviceprincipalnames": ["WSMAN/WRK2", "WSMAN/WRK2.corp.thereserve.loc", "TERMSRV/WRK2", "TERMSRV/WRK2.corp.thereserve.loc", "RestrictedKrbHost/WRK2", "HOST/WRK2", "RestrictedKrbHost/WRK2.corp.thereserve.loc", "HOST/WRK2.corp.thereserve.loc"], "description": null, "operatingsystem": "Windows Server 2019 Datacenter", "sidhistory": []}, "RemoteDesktopUsers": {"Collected": true, "FailureReason": null, "Results": []}, "DcomUsers": {"Collected": true, "FailureReason": null, "Results": []}, "AllowedToDelegate": [], "Sessions": {"Collected": true, "FailureReason": null, "Results": []}, "PrivilegedSessions": {"Collected": false, "FailureReason": null, "Results": []}, "RegistrySessions": {"Collected": false, "FailureReason": null, "Results": []}, "Aces": [{"RightName": "Owns", "IsInherited": false, "PrincipalSID": "S-1-5-21-170228521-1485475711-3199862024-512", "PrincipalType": "Group"}, {"RightName": "GenericAll", "IsInherited": false, "PrincipalSID": "S-1-5-21-170228521-1485475711-3199862024-512", "PrincipalType": "Group"}, {"RightName": "GenericAll", "IsInherited": false, "PrincipalSID": "CORP.THERESERVE.LOC-S-1-5-32-548", "PrincipalType": "Group"}, {"RightName": "AddKeyCredentialLink", "IsInherited": true, "PrincipalSID": "S-1-5-21-170228521-1485475711-3199862024-526", "PrincipalType": "Group"}, {"RightName": "AddKeyCredentialLink", "IsInherited": true, "PrincipalSID": "S-1-5-21-1255581842-1300659601-3764024703-527", "PrincipalType": "Group"}, {"RightName": "GenericAll", "IsInherited": true, "PrincipalSID": "S-1-5-21-1255581842-1300659601-3764024703-519", "PrincipalType": "Group"}, {"RightName": "GenericWrite", "IsInherited": true, "PrincipalSID": "CORP.THERESERVE.LOC-S-1-5-32-544", "PrincipalType": "Group"}, {"RightName": "WriteOwner", "IsInherited": true, "PrincipalSID": "CORP.THERESERVE.LOC-S-1-5-32-544", "PrincipalType": "Group"}, {"RightName": "WriteDacl", "IsInherited": true, "PrincipalSID": "CORP.THERESERVE.LOC-S-1-5-32-544", "PrincipalType": "Group"}], "HasSIDHistory": [], "IsDeleted": false, "Status": null, "IsACLProtected": false},{"ObjectIdentifier": "S-1-5-21-170228521-1485475711-3199862024-1115", "AllowedToAct": [], "PrimaryGroupSID": "S-1-5-21-170228521-1485475711-3199862024-515", "LocalAdmins": {"Collected": true, "FailureReason": null, "Results": []}, "PSRemoteUsers": {"Collected": true, "FailureReason": null, "Results": []}, "Properties": {"name": "WRK1.CORP.THERESERVE.LOC", "domainsid": "S-1-5-21-170228521-1485475711-3199862024", "domain": "CORP.THERESERVE.LOC", "distinguishedname": "CN=WRK1,OU=WORKSTATIONS,DC=CORP,DC=THERESERVE,DC=LOC", "unconstraineddelegation": false, "enabled": true, "trustedtoauth": false, "samaccountname": "WRK1$", "haslaps": false, "lastlogon": 1685101493, "lastlogontimestamp": 1685078985, "pwdlastset": 1685079586, "whencreated": 1673327764, "serviceprincipalnames": ["WSMAN/WRK1", "WSMAN/WRK1.corp.thereserve.loc", "TERMSRV/WRK1", "TERMSRV/WRK1.corp.thereserve.loc", "RestrictedKrbHost/WRK1", "HOST/WRK1", "RestrictedKrbHost/WRK1.corp.thereserve.loc", "HOST/WRK1.corp.thereserve.loc"], "description": null, "operatingsystem": "Windows Server 2019 Datacenter", "sidhistory": []}, "RemoteDesktopUsers": {"Collected": true, "FailureReason": null, "Results": []}, "DcomUsers": {"Collected": true, "FailureReason": null, "Results": []}, "AllowedToDelegate": [], "Sessions": {"Collected": true, "FailureReason": null, "Results": []}, "PrivilegedSessions": {"Collected": false, "FailureReason": null, "Results": []}, "RegistrySessions": {"Collected": false, "FailureReason": null, "Results": []}, "Aces": [{"RightName": "Owns", "IsInherited": false, "PrincipalSID": "S-1-5-21-170228521-1485475711-3199862024-512", "PrincipalType": "Group"}, {"RightName": "GenericAll", "IsInherited": false, "PrincipalSID": "S-1-5-21-170228521-1485475711-3199862024-512", "PrincipalType": "Group"}, {"RightName": "GenericAll", "IsInherited": false, "PrincipalSID": "CORP.THERESERVE.LOC-S-1-5-32-548", "PrincipalType": "Group"}, {"RightName": "AddKeyCredentialLink", "IsInherited": true, "PrincipalSID": "S-1-5-21-170228521-1485475711-3199862024-526", "PrincipalType": "Group"}, {"RightName": "AddKeyCredentialLink", "IsInherited": true, "PrincipalSID": "S-1-5-21-1255581842-1300659601-3764024703-527", "PrincipalType": "Group"}, {"RightName": "GenericAll", "IsInherited": true, "PrincipalSID": "S-1-5-21-1255581842-1300659601-3764024703-519", "PrincipalType": "Group"}, {"RightName": "GenericWrite", "IsInherited": true, "PrincipalSID": "CORP.THERESERVE.LOC-S-1-5-32-544", "PrincipalType": "Group"}, {"RightName": "WriteOwner", "IsInherited": true, "PrincipalSID": "CORP.THERESERVE.LOC-S-1-5-32-544", "PrincipalType": "Group"}, {"RightName": "WriteDacl", "IsInherited": true, "PrincipalSID": "CORP.THERESERVE.LOC-S-1-5-32-544", "PrincipalType": "Group"}], "HasSIDHistory": [], "IsDeleted": false, "Status": null, "IsACLProtected": false},{"ObjectIdentifier": "S-1-5-21-170228521-1485475711-3199862024-1009", "AllowedToAct": [], "PrimaryGroupSID": "S-1-5-21-170228521-1485475711-3199862024-516", "LocalAdmins": {"Collected": true, "FailureReason": null, "Results": [{"ObjectIdentifier": "S-1-5-21-170228521-1485475711-3199862024-500", "ObjectType": "User"}, {"ObjectIdentifier": "S-1-5-21-170228521-1485475711-3199862024-1008", "ObjectType": "User"}, {"ObjectIdentifier": "S-1-5-21-170228521-1485475711-3199862024-512", "ObjectType": "Group"}, {"ObjectIdentifier": "S-1-5-21-1255581842-1300659601-3764024703-519", "ObjectType": "Group"}]}, "PSRemoteUsers": {"Collected": true, "FailureReason": null, "Results": []}, "Properties": {"name": "CORPDC.CORP.THERESERVE.LOC", "domainsid": "S-1-5-21-170228521-1485475711-3199862024", "domain": "CORP.THERESERVE.LOC", "distinguishedname": "CN=CORPDC,OU=DOMAIN CONTROLLERS,DC=CORP,DC=THERESERVE,DC=LOC", "unconstraineddelegation": true, "enabled": true, "trustedtoauth": false, "samaccountname": "CORPDC$", "haslaps": false, "lastlogon": 1685079127, "lastlogontimestamp": 1685078803, "pwdlastset": 1662584288, "whencreated": 1662584288, "serviceprincipalnames": ["ldap/CORPDC.corp.thereserve.loc/DomainDnsZones.corp.thereserve.loc", "Dfsr-12F9A27C-BF97-4787-9364-D31B6C55EB04/CORPDC.corp.thereserve.loc", "TERMSRV/CORPDC", "TERMSRV/CORPDC.corp.thereserve.loc", "ldap/CORPDC.corp.thereserve.loc/ForestDnsZones.thereserve.loc", "DNS/CORPDC.corp.thereserve.loc", "GC/CORPDC.corp.thereserve.loc/thereserve.loc", "RestrictedKrbHost/CORPDC.corp.thereserve.loc", "RestrictedKrbHost/CORPDC", "RPC/9606d4fd-c547-49af-8faa-5156a3f06619._msdcs.thereserve.loc", "HOST/CORPDC/CORP", "HOST/CORPDC.corp.thereserve.loc/CORP", "HOST/CORPDC", "HOST/CORPDC.corp.thereserve.loc", "HOST/CORPDC.corp.thereserve.loc/corp.thereserve.loc", "E3514235-4B06-11D1-AB04-00C04FC2DCD2/9606d4fd-c547-49af-8faa-5156a3f06619/corp.thereserve.loc", "ldap/CORPDC/CORP", "ldap/9606d4fd-c547-49af-8faa-5156a3f06619._msdcs.thereserve.loc", "ldap/CORPDC.corp.thereserve.loc/CORP", "ldap/CORPDC", "ldap/CORPDC.corp.thereserve.loc", "ldap/CORPDC.corp.thereserve.loc/corp.thereserve.loc"], "description": null, "operatingsystem": "Windows Server 2019 Datacenter", "sidhistory": []}, "RemoteDesktopUsers": {"Collected": true, "FailureReason": null, "Results": []}, "DcomUsers": {"Collected": true, "FailureReason": null, "Results": []}, "AllowedToDelegate": [], "Sessions": {"Collected": true, "FailureReason": null, "Results": []}, "PrivilegedSessions": {"Collected": false, "FailureReason": null, "Results": []}, "RegistrySessions": {"Collected": false, "FailureReason": null, "Results": []}, "Aces": [{"RightName": "Owns", "IsInherited": false, "PrincipalSID": "S-1-5-21-170228521-1485475711-3199862024-512", "PrincipalType": "Group"}, {"RightName": "GenericAll", "IsInherited": false, "PrincipalSID": "S-1-5-21-170228521-1485475711-3199862024-512", "PrincipalType": "Group"}, {"RightName": "AddKeyCredentialLink", "IsInherited": true, "PrincipalSID": "S-1-5-21-170228521-1485475711-3199862024-526", "PrincipalType": "Group"}, {"RightName": "AddKeyCredentialLink", "IsInherited": true, "PrincipalSID": "S-1-5-21-1255581842-1300659601-3764024703-527", "PrincipalType": "Group"}, {"RightName": "GenericAll", "IsInherited": true, "PrincipalSID": "S-1-5-21-1255581842-1300659601-3764024703-519", "PrincipalType": "Group"}, {"RightName": "GenericWrite", "IsInherited": true, "PrincipalSID": "CORP.THERESERVE.LOC-S-1-5-32-544", "PrincipalType": "Group"}, {"RightName": "WriteOwner", "IsInherited": true, "PrincipalSID": "CORP.THERESERVE.LOC-S-1-5-32-544", "PrincipalType": "Group"}, {"RightName": "WriteDacl", "IsInherited": true, "PrincipalSID": "CORP.THERESERVE.LOC-S-1-5-32-544", "PrincipalType": "Group"}], "HasSIDHistory": [], "IsDeleted": false, "Status": null, "IsACLProtected": false},{"ObjectIdentifier": "S-1-5-21-170228521-1485475711-3199862024-1113", "AllowedToAct": [], "PrimaryGroupSID": "S-1-5-21-170228521-1485475711-3199862024-515", "LocalAdmins": {"Collected": true, "FailureReason": null, "Results": [{"ObjectIdentifier": "S-1-5-21-170228521-1485475711-3199862024-512", "ObjectType": "Group"}, {"ObjectIdentifier": "S-1-5-21-170228521-1485475711-3199862024-1118", "ObjectType": "Group"}, {"ObjectIdentifier": "S-1-5-21-170228521-1485475711-3199862024-1988", "ObjectType": "Group"}]}, "PSRemoteUsers": {"Collected": true, "FailureReason": null, "Results": [{"ObjectIdentifier": "S-1-5-21-170228521-1485475711-3199862024-1988", "ObjectType": "Group"}]}, "Properties": {"name": "SERVER1.CORP.THERESERVE.LOC", "domainsid": "S-1-5-21-170228521-1485475711-3199862024", "domain": "CORP.THERESERVE.LOC", "distinguishedname": "CN=SERVER1,OU=SERVERS,DC=CORP,DC=THERESERVE,DC=LOC", "unconstraineddelegation": true, "enabled": true, "trustedtoauth": false, "samaccountname": "SERVER1$", "haslaps": false, "lastlogon": 1685101495, "lastlogontimestamp": 1685078868, "pwdlastset": 1685079589, "whencreated": 1673292538, "serviceprincipalnames": ["WSMAN/SERVER1", "WSMAN/SERVER1.corp.thereserve.loc", "TERMSRV/SERVER1", "TERMSRV/SERVER1.corp.thereserve.loc", "RestrictedKrbHost/SERVER1", "HOST/SERVER1", "RestrictedKrbHost/SERVER1.corp.thereserve.loc", "HOST/SERVER1.corp.thereserve.loc"], "description": null, "operatingsystem": "Windows Server 2019 Datacenter", "sidhistory": []}, "RemoteDesktopUsers": {"Collected": true, "FailureReason": null, "Results": [{"ObjectIdentifier": "S-1-5-21-170228521-1485475711-3199862024-1118", "ObjectType": "Group"}, {"ObjectIdentifier": "S-1-5-21-170228521-1485475711-3199862024-1121", "ObjectType": "Group"}]}, "DcomUsers": {"Collected": true, "FailureReason": null, "Results": []}, "AllowedToDelegate": [], "Sessions": {"Collected": true, "FailureReason": null, "Results": []}, "PrivilegedSessions": {"Collected": false, "FailureReason": null, "Results": []}, "RegistrySessions": {"Collected": false, "FailureReason": null, "Results": []}, "Aces": [{"RightName": "Owns", "IsInherited": false, "PrincipalSID": "S-1-5-21-170228521-1485475711-3199862024-512", "PrincipalType": "Group"}, {"RightName": "GenericAll", "IsInherited": false, "PrincipalSID": "S-1-5-21-170228521-1485475711-3199862024-512", "PrincipalType": "Group"}, {"RightName": "GenericAll", "IsInherited": false, "PrincipalSID": "CORP.THERESERVE.LOC-S-1-5-32-548", "PrincipalType": "Group"}, {"RightName": "AddKeyCredentialLink", "IsInherited": true, "PrincipalSID": "S-1-5-21-170228521-1485475711-3199862024-526", "PrincipalType": "Group"}, {"RightName": "AddKeyCredentialLink", "IsInherited": true, "PrincipalSID": "S-1-5-21-1255581842-1300659601-3764024703-527", "PrincipalType": "Group"}, {"RightName": "GenericAll", "IsInherited": true, "PrincipalSID": "S-1-5-21-1255581842-1300659601-3764024703-519", "PrincipalType": "Group"}, {"RightName": "GenericWrite", "IsInherited": true, "PrincipalSID": "CORP.THERESERVE.LOC-S-1-5-32-544", "PrincipalType": "Group"}, {"RightName": "WriteOwner", "IsInherited": true, "PrincipalSID": "CORP.THERESERVE.LOC-S-1-5-32-544", "PrincipalType": "Group"}, {"RightName": "WriteDacl", "IsInherited": true, "PrincipalSID": "CORP.THERESERVE.LOC-S-1-5-32-544", "PrincipalType": "Group"}], "HasSIDHistory": [], "IsDeleted": false, "Status": null, "IsACLProtected": false},{"ObjectIdentifier": "S-1-5-21-170228521-1485475711-3199862024-1114", "AllowedToAct": [], "PrimaryGroupSID": "S-1-5-21-170228521-1485475711-3199862024-515", "LocalAdmins": {"Collected": false, "FailureReason": null, "Results": []}, "PSRemoteUsers": {"Collected": false, "FailureReason": null, "Results": []}, "Properties": {"name": "SERVER2.CORP.THERESERVE.LOC", "domainsid": "S-1-5-21-170228521-1485475711-3199862024", "domain": "CORP.THERESERVE.LOC", "distinguishedname": "CN=SERVER2,OU=SERVERS,DC=CORP,DC=THERESERVE,DC=LOC", "unconstraineddelegation": true, "enabled": true, "trustedtoauth": false, "samaccountname": "SERVER2$", "haslaps": false, "lastlogon": 1685101491, "lastlogontimestamp": 1685078865, "pwdlastset": 1685079586, "whencreated": 1673293756, "serviceprincipalnames": ["WSMAN/SERVER2", "WSMAN/SERVER2.corp.thereserve.loc", "TERMSRV/SERVER2", "TERMSRV/SERVER2.corp.thereserve.loc", "RestrictedKrbHost/SERVER2", "HOST/SERVER2", "RestrictedKrbHost/SERVER2.corp.thereserve.loc", "HOST/SERVER2.corp.thereserve.loc"], "description": null, "operatingsystem": "Windows Server 2019 Datacenter", "sidhistory": []}, "RemoteDesktopUsers": {"Collected": false, "FailureReason": null, "Results": []}, "DcomUsers": {"Collected": false, "FailureReason": null, "Results": []}, "AllowedToDelegate": [], "Sessions": {"Collected": false, "FailureReason": null, "Results": []}, "PrivilegedSessions": {"Collected": false, "FailureReason": null, "Results": []}, "RegistrySessions": {"Collected": false, "FailureReason": null, "Results": []}, "Aces": [{"RightName": "Owns", "IsInherited": false, "PrincipalSID": "S-1-5-21-170228521-1485475711-3199862024-512", "PrincipalType": "Group"}, {"RightName": "GenericAll", "IsInherited": false, "PrincipalSID": "S-1-5-21-170228521-1485475711-3199862024-512", "PrincipalType": "Group"}, {"RightName": "GenericAll", "IsInherited": false, "PrincipalSID": "CORP.THERESERVE.LOC-S-1-5-32-548", "PrincipalType": "Group"}, {"RightName": "AddKeyCredentialLink", "IsInherited": true, "PrincipalSID": "S-1-5-21-170228521-1485475711-3199862024-526", "PrincipalType": "Group"}, {"RightName": "AddKeyCredentialLink", "IsInherited": true, "PrincipalSID": "S-1-5-21-1255581842-1300659601-3764024703-527", "PrincipalType": "Group"}, {"RightName": "GenericAll", "IsInherited": true, "PrincipalSID": "S-1-5-21-1255581842-1300659601-3764024703-519", "PrincipalType": "Group"}, {"RightName": "GenericWrite", "IsInherited": true, "PrincipalSID": "CORP.THERESERVE.LOC-S-1-5-32-544", "PrincipalType": "Group"}, {"RightName": "WriteOwner", "IsInherited": true, "PrincipalSID": "CORP.THERESERVE.LOC-S-1-5-32-544", "PrincipalType": "Group"}, {"RightName": "WriteDacl", "IsInherited": true, "PrincipalSID": "CORP.THERESERVE.LOC-S-1-5-32-544", "PrincipalType": "Group"}], "HasSIDHistory": [], "IsDeleted": false, "Status": null, "IsACLProtected": false}],"meta":{"methods":0,"type":"computers","count":5, "version":5}}